{
  "InputMix": 0.0,
  "PreDelay": 0.070000000298023224,
  "HighPass": 0.0,
  "LowPass": 0.29000008106231689,
  "TapCount": 0.36499997973442078,
  "TapLength": 1.0,
  "TapGain": 1.0,
  "TapDecay": 0.86500012874603271,
  "DiffusionEnabled": 1.0,
  "DiffusionStages": 0.4285714328289032,
  "DiffusionDelay": 0.43500006198883057,
  "DiffusionFeedback": 0.725000262260437,
  "LineCount": 1.0,
  "LineDelay": 0.68499988317489624,
  "LineDecay": 0.68000012636184692,
  "LateDiffusionEnabled": 1.0,
  "LateDiffusionStages": 0.28571429848670959,
  "LateDiffusionDelay": 0.54499995708465576,
  "LateDiffusionFeedback": 0.65999996662139893,
  "PostLowShelfGain": 0.5199999213218689,
  "PostLowShelfFrequency": 0.31499990820884705,
  "PostHighShelfGain": 0.83500003814697266,
  "PostHighShelfFrequency": 0.73000013828277588,
  "PostCutoffFrequency": 0.73499983549118042,
  "EarlyDiffusionModAmount": 0.50000005960464478,
  "EarlyDiffusionModRate": 0.42500010132789612,
  "LineModAmount": 0.59000003337860107,
  "LineModRate": 0.46999993920326233,
  "LateDiffusionModAmount": 0.619999885559082,
  "LateDiffusionModRate": 0.42500019073486328,
  "TapSeed": 0.0011500000255182385,
  "DiffusionSeed": 0.00018899999849963933,
  "DelaySeed": 0.00033700000494718552,
  "PostDiffusionSeed": 0.00050099997315555811,
  "CrossSeed": 0.0,
  "DryOut": 0.94499987363815308,
  "PredelayOut": 0.0,
  "EarlyOut": 0.77999997138977051,
  "MainOut": 0.74500006437301636,
  "HiPassEnabled": 0.0,
  "LowPassEnabled": 0.0,
  "LowShelfEnabled": 0.0,
  "HighShelfEnabled": 0.0,
  "CutoffEnabled": 1.0,
  "LateStageTap": 1.0,
  "Interpolation": 0.0
}