{
  "InputMix": 0.0,
  "PreDelay": 0.070000000298023224,
  "HighPass": 0.0,
  "LowPass": 0.29000008106231689,
  "TapCount": 0.36499997973442078,
  "TapLength": 1.0,
  "TapGain": 0.83499991893768311,
  "TapDecay": 0.86500012874603271,
  "DiffusionEnabled": 1.0,
  "DiffusionStages": 0.4285714328289032,
  "DiffusionDelay": 0.43500006198883057,
  "DiffusionFeedback": 0.725000262260437,
  "LineCount": 1.0,
  "LineDelay": 0.34500002861022949,
  "LineDecay": 0.41500008106231689,
  "LateDiffusionEnabled": 0.0,
  "LateDiffusionStages": 0.57142859697341919,
  "LateDiffusionDelay": 0.66499996185302734,
  "LateDiffusionFeedback": 0.61000001430511475,
  "PostLowShelfGain": 0.5199999213218689,
  "PostLowShelfFrequency": 0.31499990820884705,
  "PostHighShelfGain": 0.83500003814697266,
  "PostHighShelfFrequency": 0.73000013828277588,
  "PostCutoffFrequency": 0.73499983549118042,
  "EarlyDiffusionModAmount": 0.25499999523162842,
  "EarlyDiffusionModRate": 0.3250001072883606,
  "LineModAmount": 0.33500000834465027,
  "LineModRate": 0.26999998092651367,
  "LateDiffusionModAmount": 0.13499975204467773,
  "LateDiffusionModRate": 0.27500006556510925,
  "TapSeed": 0.0011500000255182385,
  "DiffusionSeed": 0.00018899999849963933,
  "DelaySeed": 0.0002730000123847276,
  "PostDiffusionSeed": 0.00050099997315555811,
  "CrossSeed": 0.5,
  "DryOut": 1.0,
  "PredelayOut": 0.0,
  "EarlyOut": 0.77999997138977051,
  "MainOut": 0.74500006437301636,
  "HiPassEnabled": 0.0,
  "LowPassEnabled": 1.0,
  "LowShelfEnabled": 0.0,
  "HighShelfEnabled": 0.0,
  "CutoffEnabled": 1.0,
  "LateStageTap": 0.0,
  "Interpolation": 1.0
}