{
  "InputMix": 0.0,
  "PreDelay": 0.0,
  "HighPass": 0.0,
  "LowPass": 0.60999995470047,
  "TapCount": 1.0,
  "TapLength": 1.0,
  "TapGain": 0.0,
  "TapDecay": 0.830000102519989,
  "DiffusionEnabled": 1.0,
  "DiffusionStages": 0.28571429848670959,
  "DiffusionDelay": 0.35499998927116394,
  "DiffusionFeedback": 0.62500005960464478,
  "LineCount": 0.63636362552642822,
  "LineDelay": 0.36000004410743713,
  "LineDecay": 0.51000005006790161,
  "LateDiffusionEnabled": 1.0,
  "LateDiffusionStages": 0.0,
  "LateDiffusionDelay": 0.62999987602233887,
  "LateDiffusionFeedback": 0.49000000953674316,
  "PostLowShelfGain": 0.0,
  "PostLowShelfFrequency": 0.0,
  "PostHighShelfGain": 0.77499985694885254,
  "PostHighShelfFrequency": 0.58000004291534424,
  "PostCutoffFrequency": 0.0,
  "EarlyDiffusionModAmount": 0.0,
  "EarlyDiffusionModRate": 0.0,
  "LineModAmount": 0.0,
  "LineModRate": 0.0,
  "LateDiffusionModAmount": 0.0,
  "LateDiffusionModRate": 0.0,
  "TapSeed": 0.0001140000022132881,
  "DiffusionSeed": 0.000155999994603917,
  "DelaySeed": 0.00018099999579135329,
  "PostDiffusionSeed": 8.4999999671708792E-05,
  "CrossSeed": 1.0,
  "DryOut": 0.0,
  "PredelayOut": 0.0,
  "EarlyOut": 0.64500010013580322,
  "MainOut": 0.63000005483627319,
  "HiPassEnabled": 0.0,
  "LowPassEnabled": 1.0,
  "LowShelfEnabled": 0.0,
  "HighShelfEnabled": 1.0,
  "CutoffEnabled": 0.0,
  "LateStageTap": 0.0,
  "Interpolation": 1.0
}