{
  "InputMix": 0.32499998807907104,
  "PreDelay": 0.0,
  "HighPass": 0.0,
  "LowPass": 0.8899998664855957,
  "TapCount": 0.51999980211257935,
  "TapLength": 1.0,
  "TapGain": 0.90000003576278687,
  "TapDecay": 1.0,
  "DiffusionEnabled": 1.0,
  "DiffusionStages": 0.8571428656578064,
  "DiffusionDelay": 0.5700000524520874,
  "DiffusionFeedback": 0.76000010967254639,
  "LineCount": 0.27272728085517883,
  "LineDelay": 0.68500018119812012,
  "LineDecay": 0.82999974489212036,
  "LateDiffusionEnabled": 1.0,
  "LateDiffusionStages": 0.71428573131561279,
  "LateDiffusionDelay": 0.69499951601028442,
  "LateDiffusionFeedback": 0.71499985456466675,
  "PostLowShelfGain": 0.87999987602233887,
  "PostLowShelfFrequency": 0.19499993324279785,
  "PostHighShelfGain": 0.72000008821487427,
  "PostHighShelfFrequency": 0.520000159740448,
  "PostCutoffFrequency": 0.79999983310699463,
  "EarlyDiffusionModAmount": 0.13499999046325684,
  "EarlyDiffusionModRate": 0.26000010967254639,
  "LineModAmount": 0.054999928921461105,
  "LineModRate": 0.21499986946582794,
  "LateDiffusionModAmount": 0.32499963045120239,
  "LateDiffusionModRate": 0.35500010848045349,
  "TapSeed": 0.0003009999927598983,
  "DiffusionSeed": 0.00018899999849963933,
  "DelaySeed": 0.0001610000035725534,
  "PostDiffusionSeed": 0.00050099997315555811,
  "CrossSeed": 0.43000003695487976,
  "DryOut": 0.88499999046325684,
  "PredelayOut": 0.0,
  "EarlyOut": 0.0,
  "MainOut": 0.90999990701675415,
  "HiPassEnabled": 0.0,
  "LowPassEnabled": 0.0,
  "LowShelfEnabled": 0.0,
  "HighShelfEnabled": 0.0,
  "CutoffEnabled": 1.0,
  "LateStageTap": 1.0,
  "Interpolation": 0.0
}