{
  "InputMix": 0.0,
  "PreDelay": 0.0,
  "HighPass": 0.0,
  "LowPass": 0.755000114440918,
  "TapCount": 0.41499990224838257,
  "TapLength": 0.43999996781349182,
  "TapGain": 0.87999999523162842,
  "TapDecay": 1.0,
  "DiffusionEnabled": 1.0,
  "DiffusionStages": 0.71428573131561279,
  "DiffusionDelay": 0.335000216960907,
  "DiffusionFeedback": 0.660000205039978,
  "LineCount": 0.18181818723678589,
  "LineDelay": 0.51000016927719116,
  "LineDecay": 0.29999998211860657,
  "LateDiffusionEnabled": 1.0,
  "LateDiffusionStages": 0.4285714328289032,
  "LateDiffusionDelay": 0.22999951243400574,
  "LateDiffusionFeedback": 0.59499990940093994,
  "PostLowShelfGain": 0.87999987602233887,
  "PostLowShelfFrequency": 0.19499993324279785,
  "PostHighShelfGain": 0.875,
  "PostHighShelfFrequency": 0.59000009298324585,
  "PostCutoffFrequency": 0.79999983310699463,
  "EarlyDiffusionModAmount": 0.13499999046325684,
  "EarlyDiffusionModRate": 0.29000008106231689,
  "LineModAmount": 0.18999995291233063,
  "LineModRate": 0.22999987006187439,
  "LateDiffusionModAmount": 0.1249999925494194,
  "LateDiffusionModRate": 0.28500008583068848,
  "TapSeed": 0.00048499999684281647,
  "DiffusionSeed": 0.00020799999765586108,
  "DelaySeed": 0.00033499998971819878,
  "PostDiffusionSeed": 0.00037200000951997936,
  "CrossSeed": 0.42500001192092896,
  "DryOut": 1.0,
  "PredelayOut": 0.0,
  "EarlyOut": 0.8599998950958252,
  "MainOut": 0.90500003099441528,
  "HiPassEnabled": 0.0,
  "LowPassEnabled": 1.0,
  "LowShelfEnabled": 0.0,
  "HighShelfEnabled": 0.0,
  "CutoffEnabled": 0.0,
  "LateStageTap": 1.0,
  "Interpolation": 1.0
}