{
  "InputMix": 0.0,
  "PreDelay": 0.0,
  "HighPass": 0.0,
  "LowPass": 0.74000012874603271,
  "TapCount": 1.0,
  "TapLength": 1.0,
  "TapGain": 1.0,
  "TapDecay": 0.71000003814697266,
  "DiffusionEnabled": 1.0,
  "DiffusionStages": 1.0,
  "DiffusionDelay": 0.65999996662139893,
  "DiffusionFeedback": 0.76000010967254639,
  "LineCount": 1.0,
  "LineDelay": 0.9100002646446228,
  "LineDecay": 0.80999958515167236,
  "LateDiffusionEnabled": 1.0,
  "LateDiffusionStages": 1.0,
  "LateDiffusionDelay": 0.71499955654144287,
  "LateDiffusionFeedback": 0.71999979019165039,
  "PostLowShelfGain": 0.87999987602233887,
  "PostLowShelfFrequency": 0.19499993324279785,
  "PostHighShelfGain": 0.72000008821487427,
  "PostHighShelfFrequency": 0.520000159740448,
  "PostCutoffFrequency": 0.7150002121925354,
  "EarlyDiffusionModAmount": 0.41999998688697815,
  "EarlyDiffusionModRate": 0.30500012636184692,
  "LineModAmount": 0.4649999737739563,
  "LineModRate": 0.3199998140335083,
  "LateDiffusionModAmount": 0.40999993681907654,
  "LateDiffusionModRate": 0.31500011682510376,
  "TapSeed": 0.0003009999927598983,
  "DiffusionSeed": 0.00018899999849963933,
  "DelaySeed": 0.0001610000035725534,
  "PostDiffusionSeed": 0.00050099997315555811,
  "CrossSeed": 1.0,
  "DryOut": 0.0,
  "PredelayOut": 0.0,
  "EarlyOut": 0.0,
  "MainOut": 0.95499974489212036,
  "HiPassEnabled": 0.0,
  "LowPassEnabled": 1.0,
  "LowShelfEnabled": 0.0,
  "HighShelfEnabled": 0.0,
  "CutoffEnabled": 1.0,
  "LateStageTap": 1.0,
  "Interpolation": 1.0
}